{
  "loss": [
    2.0928311347961426,
    1.195677399635315,
    0.8690137267112732,
    0.6259527206420898,
    0.4768604040145874,
    0.42708179354667664,
    0.38353076577186584,
    0.343051940202713,
    0.3045426309108734,
    0.2781091332435608,
    0.2715269923210144,
    0.25231680274009705,
    0.23405329883098602,
    0.19704368710517883,
    0.1813075691461563,
    0.19864121079444885,
    0.1739230901002884,
    0.18054962158203125,
    0.15952737629413605,
    0.16176387667655945,
    0.15784943103790283,
    0.14052274823188782,
    0.12979310750961304,
    0.13414497673511505,
    0.13708241283893585
  ],
  "accuracy": [
    0.26349207758903503,
    0.60317462682724,
    0.7111111283302307,
    0.8158730268478394,
    0.8539682626724243,
    0.8761904835700989,
    0.879365086555481,
    0.9047619104385376,
    0.9269841313362122,
    0.9365079402923584,
    0.9238095283508301,
    0.9301587343215942,
    0.9365079402923584,
    0.9555555582046509,
    0.9650793671607971,
    0.9460317492485046,
    0.961904764175415,
    0.9555555582046509,
    0.961904764175415,
    0.958730161190033,
    0.9777777791023254,
    0.9682539701461792,
    0.9746031761169434,
    0.9746031761169434,
    0.9714285731315613
  ],
  "val_loss": [
    1.5573623180389404,
    1.042136788368225,
    0.8652002215385437,
    0.7596180438995361,
    0.675551176071167,
    0.6333125829696655,
    0.6086738705635071,
    0.5698558688163757,
    0.5491945743560791,
    0.5466964840888977,
    0.5118669867515564,
    0.5014702677726746,
    0.484121710062027,
    0.5057163834571838,
    0.4573246240615845,
    0.4478966295719147,
    0.4456132650375366,
    0.45028382539749146,
    0.43980348110198975,
    0.42421993613243103,
    0.43713366985321045,
    0.4242945909500122,
    0.43118801712989807,
    0.4345841705799103,
    0.43146058917045593
  ],
  "val_accuracy": [
    0.3492063581943512,
    0.6666666865348816,
    0.6666666865348816,
    0.6984127163887024,
    0.7460317611694336,
    0.7460317611694336,
    0.7777777910232544,
    0.7936508059501648,
    0.8095238208770752,
    0.7777777910232544,
    0.8095238208770752,
    0.8095238208770752,
    0.8571428656578064,
    0.7936508059501648,
    0.8571428656578064,
    0.841269850730896,
    0.841269850730896,
    0.841269850730896,
    0.841269850730896,
    0.8571428656578064,
    0.841269850730896,
    0.8730158805847168,
    0.8730158805847168,
    0.8571428656578064,
    0.8571428656578064
  ],
  "lr": [
    0.0010000000474974513,
    0.0010000000474974513,
    0.0010000000474974513,
    0.0010000000474974513,
    0.0010000000474974513,
    0.0010000000474974513,
    0.0010000000474974513,
    0.0010000000474974513,
    0.0010000000474974513,
    0.0010000000474974513,
    0.0010000000474974513,
    0.0010000000474974513,
    0.0010000000474974513,
    0.0010000000474974513,
    0.0010000000474974513,
    0.0010000000474974513,
    0.0010000000474974513,
    0.0010000000474974513,
    0.0010000000474974513,
    0.0010000000474974513,
    0.0010000000474974513,
    0.0010000000474974513,
    0.0010000000474974513,
    0.0005000000237487257,
    0.0005000000237487257
  ]
}