{
  "loss": [
    0.14748500287532806,
    0.1054910197854042,
    0.08904647827148438,
    0.06610289961099625,
    0.08389944583177567,
    0.07808084785938263,
    0.07635720819234848,
    0.08127973973751068,
    0.06071445345878601,
    0.04996702820062637,
    0.04728775471448898,
    0.053359828889369965,
    0.04873640835285187,
    0.03784995898604393,
    0.04500996321439743,
    0.048587050288915634,
    0.040166426450014114,
    0.0503101572394371,
    0.03863432630896568,
    0.028125563636422157
  ],
  "accuracy": [
    0.9555555582046509,
    0.9714285731315613,
    0.9809523820877075,
    0.9904761910438538,
    0.9746031761169434,
    0.9873015880584717,
    0.9841269850730896,
    0.9650793671607971,
    0.9841269850730896,
    0.9904761910438538,
    0.9904761910438538,
    0.9841269850730896,
    0.9809523820877075,
    0.9904761910438538,
    0.9841269850730896,
    0.9809523820877075,
    0.9904761910438538,
    0.9841269850730896,
    0.9904761910438538,
    0.9968253970146179
  ],
  "val_loss": [
    0.4206390380859375,
    0.3917781412601471,
    0.3796532154083252,
    0.3893406093120575,
    0.39244696497917175,
    0.3878400921821594,
    0.39794784784317017,
    0.37787339091300964,
    0.3806688189506531,
    0.37756073474884033,
    0.38404709100723267,
    0.37775951623916626,
    0.38994091749191284,
    0.380403608083725,
    0.3858892619609833,
    0.37598055601119995,
    0.37357017397880554,
    0.37551623582839966,
    0.3728179633617401,
    0.3838484585285187
  ],
  "val_accuracy": [
    0.841269850730896,
    0.8730158805847168,
    0.8730158805847168,
    0.8888888955116272,
    0.8888888955116272,
    0.8730158805847168,
    0.8888888955116272,
    0.9047619104385376,
    0.9047619104385376,
    0.9047619104385376,
    0.9047619104385376,
    0.8888888955116272,
    0.9047619104385376,
    0.8888888955116272,
    0.8888888955116272,
    0.9047619104385376,
    0.9047619104385376,
    0.9047619104385376,
    0.9047619104385376,
    0.8888888955116272
  ],
  "lr": [
    9.999999747378752e-06,
    9.999999747378752e-06,
    9.999999747378752e-06,
    9.999999747378752e-06,
    9.999999747378752e-06,
    9.999999747378752e-06,
    4.999999873689376e-06,
    4.999999873689376e-06,
    4.999999873689376e-06,
    4.999999873689376e-06,
    4.999999873689376e-06,
    4.999999873689376e-06,
    4.999999873689376e-06,
    2.499999936844688e-06,
    2.499999936844688e-06,
    2.499999936844688e-06,
    2.499999936844688e-06,
    2.499999936844688e-06,
    2.499999936844688e-06,
    2.499999936844688e-06
  ]
}